{"4_2": [{"accuracy": 4.437150647736379e-11, "parameters": [2.1956279404078205, 1.2816994343543651e-05, 3.1415941511814207, 3.331917138981079, 0.7639244604540334, 1.5971075894539633, 1.098172832750374, 1.724953613137827e-05, 1.2090709219945939, 1.9780252687640225, 3.141592293528648, 0.1903242244758482, 2.0246626077773486, 1.8244567670005667, 1.2214412486972734, 1.9183123888017384], "samples": 6, "ansatz": "EfficientSU2"}]}